{
  "project_info": {
    "project_number": "271529932792",
    "firebase_url": "https://covidtracker-f98b2-default-rtdb.firebaseio.com",
    "project_id": "covidtracker-f98b2",
    "storage_bucket": "covidtracker-f98b2.appspot.com"
  },
  "client": [
    {
      "client_info": {
        "mobilesdk_app_id": "1:271529932792:android:055b2aaa67040c778b480d",
        "android_client_info": {
          "package_name": "com.example.covidtracker"
        }
      },
      "oauth_client": [
        {
          "client_id": "271529932792-gi4mk8ad8thg2crhc1i935jjv7emnmrt.apps.googleusercontent.com",
          "client_type": 1,
          "android_info": {
            "package_name": "com.example.covidtracker",
            "certificate_hash": "83d31eb2335d5e57319e30278725dc2ba16b2404"
          }
        },
        {
          "client_id": "271529932792-flncldon6u0rr8dioiut85u10v4b18ml.apps.googleusercontent.com",
          "client_type": 3
        }
      ],
      "api_key": [
        {
          "current_key": "AIzaSyDW5eIGfnF6tli-aPbzngbd_-ymKszMXYk"
        }
      ],
      "services": {
        "appinvite_service": {
          "other_platform_oauth_client": [
            {
              "client_id": "271529932792-flncldon6u0rr8dioiut85u10v4b18ml.apps.googleusercontent.com",
              "client_type": 3
            }
          ]
        }
      }
    }
  ],
  "configuration_version": "1"
}